fecha,id_trabajador,rol,asistio,motivo_falta,epp_completo
2026-06-27,SUP-001,supervisor,no,Permiso personal,si
2026-06-27,SUP-002,supervisor,si,,si
2026-06-27,SUP-003,supervisor,si,,si
2026-06-27,SUP-004,supervisor,si,,si
2026-06-27,INS-001,inspector,si,,si
2026-06-27,INS-002,inspector,si,,si
2026-06-27,INS-003,inspector,si,,si
2026-06-27,INS-004,inspector,si,,si
2026-06-27,INS-005,inspector,si,,si
2026-06-27,INS-006,inspector,si,,si
2026-06-27,INS-007,inspector,si,,si
2026-06-27,INS-008,inspector,si,,si
2026-06-27,INS-009,inspector,si,,si
2026-06-27,INS-010,inspector,si,,si
2026-06-27,INS-011,inspector,no,Inasistencia injustificada,si
2026-06-27,INS-012,inspector,si,,si
2026-06-27,INS-013,inspector,si,,si
2026-06-27,INS-014,inspector,si,,si
2026-06-27,INS-015,inspector,si,,si
2026-06-27,INS-016,inspector,si,,si
2026-06-27,INS-018,inspector,si,,si
2026-06-27,INS-019,inspector,si,,si
2026-06-27,INS-020,inspector,si,,si
2026-06-27,INS-021,inspector,si,,si
2026-06-27,INS-022,inspector,si,,si
2026-06-27,INS-023,inspector,si,,si
2026-06-27,INS-025,inspector,si,,si
2026-06-27,INS-026,inspector,si,,si
2026-06-27,INS-027,inspector,si,,si
2026-06-27,INS-028,inspector,no,Inasistencia injustificada,si
2026-06-27,INS-029,inspector,si,,si
2026-06-27,INS-030,inspector,si,,si
2026-06-27,INS-031,inspector,si,,si
2026-06-27,INS-032,inspector,si,,si
2026-06-27,INS-033,inspector,si,,si
2026-06-27,INS-034,inspector,si,,si
2026-06-27,INS-035,inspector,si,,si
2026-06-27,INS-036,inspector,si,,si
2026-06-27,INS-037,inspector,si,,si
2026-06-27,INS-038,inspector,si,,si
2026-06-27,INS-039,inspector,si,,si
2026-06-27,INS-040,inspector,si,,si
2026-06-27,ACO-001,acopiador,si,,si
2026-06-27,ACO-002,acopiador,si,,si
2026-06-27,ACO-003,acopiador,si,,si
2026-06-27,ACO-004,acopiador,si,,si
2026-06-27,ACO-005,acopiador,si,,si
2026-06-27,ACO-006,acopiador,si,,si
2026-06-27,TRA-001,transportista,si,,si
2026-06-27,TRA-002,transportista,si,,si
2026-06-27,TRA-003,transportista,si,,si
2026-06-27,TRA-004,transportista,no,Descanso médico,si
2026-06-27,TRA-005,transportista,si,,si
2026-06-27,TRA-006,transportista,si,,si
2026-06-27,TRA-007,transportista,si,,si
2026-06-27,TRA-008,transportista,si,,no
2026-06-27,TRA-009,transportista,si,,si
2026-06-27,TRA-010,transportista,si,,si
2026-06-28,SUP-001,supervisor,si,,si
2026-06-28,SUP-002,supervisor,si,,si
2026-06-28,SUP-003,supervisor,si,,si
2026-06-28,SUP-004,supervisor,si,,si
2026-06-28,INS-001,inspector,si,,si
2026-06-28,INS-002,inspector,si,,si
2026-06-28,INS-003,inspector,si,,si
2026-06-28,INS-004,inspector,si,,si
2026-06-28,INS-005,inspector,si,,si
2026-06-28,INS-006,inspector,si,,si
2026-06-28,INS-007,inspector,si,,si
2026-06-28,INS-008,inspector,si,,si
2026-06-28,INS-009,inspector,si,,si
2026-06-28,INS-010,inspector,si,,si
2026-06-28,INS-011,inspector,si,,si
2026-06-28,INS-012,inspector,no,Permiso personal,si
2026-06-28,INS-013,inspector,si,,si
2026-06-28,INS-014,inspector,no,Descanso médico,si
2026-06-28,INS-015,inspector,si,,si
2026-06-28,INS-016,inspector,si,,si
2026-06-28,INS-018,inspector,si,,si
2026-06-28,INS-019,inspector,si,,si
2026-06-28,INS-020,inspector,si,,si
2026-06-28,INS-021,inspector,si,,si
2026-06-28,INS-022,inspector,si,,si
2026-06-28,INS-023,inspector,si,,si
2026-06-28,INS-025,inspector,no,Descanso médico,si
2026-06-28,INS-026,inspector,si,,si
2026-06-28,INS-027,inspector,si,,si
2026-06-28,INS-028,inspector,si,,si
2026-06-28,INS-029,inspector,si,,si
2026-06-28,INS-030,inspector,si,,si
2026-06-28,INS-031,inspector,si,,si
2026-06-28,INS-032,inspector,si,,si
2026-06-28,INS-033,inspector,si,,si
2026-06-28,INS-034,inspector,si,,si
2026-06-28,INS-035,inspector,si,,si
2026-06-28,INS-036,inspector,si,,si
2026-06-28,INS-037,inspector,si,,si
2026-06-28,INS-038,inspector,si,,si
2026-06-28,INS-039,inspector,si,,si
2026-06-28,INS-040,inspector,si,,si
2026-06-28,ACO-001,acopiador,si,,si
2026-06-28,ACO-002,acopiador,si,,si
2026-06-28,ACO-003,acopiador,si,,si
2026-06-28,ACO-004,acopiador,si,,si
2026-06-28,ACO-005,acopiador,si,,si
2026-06-28,ACO-006,acopiador,no,Permiso personal,si
2026-06-28,TRA-001,transportista,si,,si
2026-06-28,TRA-002,transportista,si,,si
2026-06-28,TRA-003,transportista,si,,si
2026-06-28,TRA-004,transportista,si,,si
2026-06-28,TRA-005,transportista,si,,si
2026-06-28,TRA-006,transportista,si,,si
2026-06-28,TRA-007,transportista,si,,si
2026-06-28,TRA-008,transportista,si,,si
2026-06-28,TRA-009,transportista,si,,si
2026-06-28,TRA-010,transportista,si,,si
2026-06-29,SUP-001,supervisor,si,,si
2026-06-29,SUP-002,supervisor,si,,si
2026-06-29,SUP-003,supervisor,si,,si
2026-06-29,SUP-004,supervisor,si,,si
2026-06-29,INS-001,inspector,si,,si
2026-06-29,INS-002,inspector,si,,si
2026-06-29,INS-003,inspector,si,,si
2026-06-29,INS-004,inspector,si,,si
2026-06-29,INS-005,inspector,si,,si
2026-06-29,INS-006,inspector,si,,si
2026-06-29,INS-007,inspector,si,,si
2026-06-29,INS-008,inspector,si,,si
2026-06-29,INS-009,inspector,si,,si
2026-06-29,INS-010,inspector,no,Inasistencia injustificada,si
2026-06-29,INS-011,inspector,si,,no
2026-06-29,INS-012,inspector,si,,si
2026-06-29,INS-013,inspector,si,,si
2026-06-29,INS-014,inspector,si,,si
2026-06-29,INS-015,inspector,si,,si
2026-06-29,INS-016,inspector,si,,si
2026-06-29,INS-018,inspector,si,,si
2026-06-29,INS-019,inspector,si,,si
2026-06-29,INS-020,inspector,si,,si
2026-06-29,INS-021,inspector,si,,no
2026-06-29,INS-022,inspector,si,,si
2026-06-29,INS-023,inspector,si,,si
2026-06-29,INS-025,inspector,si,,si
2026-06-29,INS-026,inspector,si,,si
2026-06-29,INS-027,inspector,si,,si
2026-06-29,INS-028,inspector,si,,si
2026-06-29,INS-029,inspector,si,,si
2026-06-29,INS-030,inspector,si,,si
2026-06-29,INS-031,inspector,si,,si
2026-06-29,INS-032,inspector,si,,si
2026-06-29,INS-033,inspector,si,,si
2026-06-29,INS-034,inspector,si,,si
2026-06-29,INS-035,inspector,no,Descanso médico,si
2026-06-29,INS-036,inspector,no,Descanso médico,si
2026-06-29,INS-037,inspector,si,,si
2026-06-29,INS-038,inspector,si,,si
2026-06-29,INS-039,inspector,si,,si
2026-06-29,INS-040,inspector,si,,si
2026-06-29,ACO-001,acopiador,si,,si
2026-06-29,ACO-002,acopiador,si,,si
2026-06-29,ACO-003,acopiador,si,,si
2026-06-29,ACO-004,acopiador,si,,si
2026-06-29,ACO-005,acopiador,si,,si
2026-06-29,ACO-006,acopiador,si,,si
2026-06-29,TRA-001,transportista,si,,si
2026-06-29,TRA-002,transportista,si,,si
2026-06-29,TRA-003,transportista,si,,si
2026-06-29,TRA-004,transportista,si,,si
2026-06-29,TRA-005,transportista,si,,si
2026-06-29,TRA-006,transportista,si,,si
2026-06-29,TRA-007,transportista,si,,si
2026-06-29,TRA-008,transportista,si,,si
2026-06-29,TRA-009,transportista,si,,si
2026-06-29,TRA-010,transportista,si,,si
2026-06-30,SUP-001,supervisor,si,,si
2026-06-30,SUP-002,supervisor,si,,si
2026-06-30,SUP-003,supervisor,si,,si
2026-06-30,SUP-004,supervisor,si,,si
2026-06-30,INS-001,inspector,si,,si
2026-06-30,INS-002,inspector,si,,si
2026-06-30,INS-003,inspector,si,,si
2026-06-30,INS-004,inspector,si,,no
2026-06-30,INS-005,inspector,si,,si
2026-06-30,INS-006,inspector,no,Permiso personal,si
2026-06-30,INS-007,inspector,si,,si
2026-06-30,INS-008,inspector,si,,si
2026-06-30,INS-009,inspector,si,,si
2026-06-30,INS-010,inspector,si,,si
2026-06-30,INS-011,inspector,si,,si
2026-06-30,INS-012,inspector,si,,si
2026-06-30,INS-013,inspector,si,,no
2026-06-30,INS-014,inspector,si,,si
2026-06-30,INS-015,inspector,no,Inasistencia injustificada,si
2026-06-30,INS-016,inspector,si,,si
2026-06-30,INS-018,inspector,si,,si
2026-06-30,INS-019,inspector,si,,si
2026-06-30,INS-020,inspector,si,,si
2026-06-30,INS-021,inspector,si,,si
2026-06-30,INS-022,inspector,si,,si
2026-06-30,INS-023,inspector,si,,si
2026-06-30,INS-025,inspector,si,,si
2026-06-30,INS-026,inspector,si,,si
2026-06-30,INS-027,inspector,si,,si
2026-06-30,INS-028,inspector,si,,si
2026-06-30,INS-029,inspector,si,,si
2026-06-30,INS-030,inspector,si,,si
2026-06-30,INS-031,inspector,no,Permiso personal,si
2026-06-30,INS-032,inspector,si,,si
2026-06-30,INS-033,inspector,si,,no
2026-06-30,INS-034,inspector,si,,si
2026-06-30,INS-035,inspector,si,,si
2026-06-30,INS-036,inspector,si,,si
2026-06-30,INS-037,inspector,si,,si
2026-06-30,INS-038,inspector,si,,si
2026-06-30,INS-039,inspector,no,Inasistencia injustificada,si
2026-06-30,INS-040,inspector,si,,si
2026-06-30,ACO-001,acopiador,si,,si
2026-06-30,ACO-002,acopiador,si,,si
2026-06-30,ACO-003,acopiador,si,,si
2026-06-30,ACO-004,acopiador,si,,si
2026-06-30,ACO-005,acopiador,si,,si
2026-06-30,ACO-006,acopiador,no,Descanso médico,si
2026-06-30,TRA-001,transportista,no,Descanso médico,si
2026-06-30,TRA-002,transportista,si,,si
2026-06-30,TRA-003,transportista,si,,si
2026-06-30,TRA-004,transportista,si,,si
2026-06-30,TRA-005,transportista,si,,si
2026-06-30,TRA-006,transportista,si,,si
2026-06-30,TRA-007,transportista,no,Permiso personal,si
2026-06-30,TRA-008,transportista,no,Descanso médico,si
2026-06-30,TRA-009,transportista,si,,si
2026-06-30,TRA-010,transportista,si,,si
2026-07-01,SUP-001,supervisor,si,,si
2026-07-01,SUP-002,supervisor,si,,si
2026-07-01,SUP-003,supervisor,si,,si
2026-07-01,SUP-004,supervisor,si,,si
2026-07-01,INS-001,inspector,no,Permiso personal,si
2026-07-01,INS-002,inspector,si,,si
2026-07-01,INS-003,inspector,si,,si
2026-07-01,INS-004,inspector,si,,si
2026-07-01,INS-005,inspector,no,Inasistencia injustificada,si
2026-07-01,INS-006,inspector,si,,si
2026-07-01,INS-007,inspector,si,,si
2026-07-01,INS-008,inspector,si,,si
2026-07-01,INS-009,inspector,si,,no
2026-07-01,INS-010,inspector,si,,si
2026-07-01,INS-011,inspector,si,,si
2026-07-01,INS-012,inspector,si,,si
2026-07-01,INS-013,inspector,si,,si
2026-07-01,INS-014,inspector,si,,si
2026-07-01,INS-015,inspector,si,,si
2026-07-01,INS-016,inspector,si,,si
2026-07-01,INS-018,inspector,si,,si
2026-07-01,INS-019,inspector,si,,si
2026-07-01,INS-020,inspector,si,,si
2026-07-01,INS-021,inspector,si,,si
2026-07-01,INS-022,inspector,si,,si
2026-07-01,INS-023,inspector,si,,si
2026-07-01,INS-025,inspector,si,,si
2026-07-01,INS-026,inspector,si,,si
2026-07-01,INS-027,inspector,si,,si
2026-07-01,INS-028,inspector,si,,si
2026-07-01,INS-029,inspector,si,,si
2026-07-01,INS-030,inspector,si,,si
2026-07-01,INS-031,inspector,si,,si
2026-07-01,INS-032,inspector,si,,si
2026-07-01,INS-033,inspector,si,,si
2026-07-01,INS-034,inspector,no,Permiso personal,si
2026-07-01,INS-035,inspector,si,,si
2026-07-01,INS-036,inspector,si,,si
2026-07-01,INS-037,inspector,si,,si
2026-07-01,INS-038,inspector,no,Inasistencia injustificada,si
2026-07-01,INS-039,inspector,si,,si
2026-07-01,INS-040,inspector,si,,si
2026-07-01,ACO-001,acopiador,si,,si
2026-07-01,ACO-002,acopiador,si,,si
2026-07-01,ACO-003,acopiador,si,,si
2026-07-01,ACO-004,acopiador,si,,si
2026-07-01,ACO-005,acopiador,si,,si
2026-07-01,ACO-006,acopiador,si,,si
2026-07-01,TRA-001,transportista,si,,si
2026-07-01,TRA-002,transportista,si,,si
2026-07-01,TRA-003,transportista,si,,si
2026-07-01,TRA-004,transportista,si,,si
2026-07-01,TRA-005,transportista,si,,si
2026-07-01,TRA-006,transportista,si,,si
2026-07-01,TRA-007,transportista,si,,si
2026-07-01,TRA-008,transportista,si,,si
2026-07-01,TRA-009,transportista,no,Permiso personal,si
2026-07-01,TRA-010,transportista,si,,si
2026-07-02,SUP-001,supervisor,si,,no
2026-07-02,SUP-002,supervisor,si,,no
2026-07-02,SUP-003,supervisor,si,,si
2026-07-02,SUP-004,supervisor,no,Inasistencia injustificada,si
2026-07-02,INS-001,inspector,si,,si
2026-07-02,INS-002,inspector,si,,si
2026-07-02,INS-003,inspector,si,,si
2026-07-02,INS-004,inspector,si,,si
2026-07-02,INS-005,inspector,si,,si
2026-07-02,INS-006,inspector,si,,si
2026-07-02,INS-007,inspector,si,,si
2026-07-02,INS-008,inspector,si,,si
2026-07-02,INS-009,inspector,si,,si
2026-07-02,INS-010,inspector,si,,si
2026-07-02,INS-011,inspector,si,,si
2026-07-02,INS-012,inspector,si,,si
2026-07-02,INS-013,inspector,si,,si
2026-07-02,INS-014,inspector,si,,si
2026-07-02,INS-015,inspector,si,,si
2026-07-02,INS-016,inspector,si,,si
2026-07-02,INS-018,inspector,no,Permiso personal,si
2026-07-02,INS-019,inspector,si,,si
2026-07-02,INS-020,inspector,si,,si
2026-07-02,INS-021,inspector,si,,si
2026-07-02,INS-022,inspector,no,Permiso personal,si
2026-07-02,INS-023,inspector,si,,si
2026-07-02,INS-025,inspector,si,,no
2026-07-02,INS-026,inspector,si,,si
2026-07-02,INS-027,inspector,si,,si
2026-07-02,INS-028,inspector,no,Permiso personal,si
2026-07-02,INS-029,inspector,si,,si
2026-07-02,INS-030,inspector,no,Permiso personal,si
2026-07-02,INS-031,inspector,si,,si
2026-07-02,INS-032,inspector,si,,no
2026-07-02,INS-033,inspector,si,,si
2026-07-02,INS-034,inspector,no,Inasistencia injustificada,si
2026-07-02,INS-035,inspector,si,,si
2026-07-02,INS-036,inspector,si,,si
2026-07-02,INS-037,inspector,si,,si
2026-07-02,INS-038,inspector,si,,si
2026-07-02,INS-039,inspector,si,,si
2026-07-02,INS-040,inspector,no,Descanso médico,si
2026-07-02,ACO-001,acopiador,si,,si
2026-07-02,ACO-002,acopiador,si,,si
2026-07-02,ACO-003,acopiador,si,,si
2026-07-02,ACO-004,acopiador,si,,si
2026-07-02,ACO-005,acopiador,si,,si
2026-07-02,ACO-006,acopiador,si,,si
2026-07-02,TRA-001,transportista,si,,si
2026-07-02,TRA-002,transportista,si,,si
2026-07-02,TRA-003,transportista,si,,si
2026-07-02,TRA-004,transportista,si,,si
2026-07-02,TRA-005,transportista,si,,si
2026-07-02,TRA-006,transportista,si,,si
2026-07-02,TRA-007,transportista,si,,si
2026-07-02,TRA-008,transportista,no,Permiso personal,si
2026-07-02,TRA-009,transportista,si,,si
2026-07-02,TRA-010,transportista,si,,si
2026-07-03,SUP-001,supervisor,si,,si
2026-07-03,SUP-002,supervisor,si,,si
2026-07-03,SUP-003,supervisor,si,,si
2026-07-03,SUP-004,supervisor,si,,si
2026-07-03,INS-001,inspector,si,,si
2026-07-03,INS-002,inspector,si,,si
2026-07-03,INS-003,inspector,si,,si
2026-07-03,INS-004,inspector,si,,si
2026-07-03,INS-005,inspector,si,,si
2026-07-03,INS-006,inspector,si,,si
2026-07-03,INS-007,inspector,si,,si
2026-07-03,INS-008,inspector,si,,si
2026-07-03,INS-009,inspector,si,,si
2026-07-03,INS-010,inspector,si,,no
2026-07-03,INS-011,inspector,si,,si
2026-07-03,INS-012,inspector,si,,si
2026-07-03,INS-013,inspector,si,,si
2026-07-03,INS-014,inspector,si,,si
2026-07-03,INS-015,inspector,si,,no
2026-07-03,INS-016,inspector,si,,si
2026-07-03,INS-018,inspector,si,,si
2026-07-03,INS-019,inspector,no,Permiso personal,si
2026-07-03,INS-020,inspector,si,,si
2026-07-03,INS-021,inspector,no,Inasistencia injustificada,si
2026-07-03,INS-022,inspector,si,,si
2026-07-03,INS-023,inspector,si,,si
2026-07-03,INS-025,inspector,si,,si
2026-07-03,INS-026,inspector,si,,si
2026-07-03,INS-027,inspector,si,,si
2026-07-03,INS-028,inspector,si,,si
2026-07-03,INS-029,inspector,si,,si
2026-07-03,INS-030,inspector,si,,si
2026-07-03,INS-031,inspector,si,,si
2026-07-03,INS-032,inspector,si,,si
2026-07-03,INS-033,inspector,si,,si
2026-07-03,INS-034,inspector,si,,si
2026-07-03,INS-035,inspector,si,,si
2026-07-03,INS-036,inspector,si,,si
2026-07-03,INS-037,inspector,si,,si
2026-07-03,INS-038,inspector,no,Descanso médico,si
2026-07-03,INS-039,inspector,si,,si
2026-07-03,INS-040,inspector,si,,si
2026-07-03,ACO-001,acopiador,si,,si
2026-07-03,ACO-002,acopiador,si,,si
2026-07-03,ACO-003,acopiador,si,,si
2026-07-03,ACO-004,acopiador,si,,si
2026-07-03,ACO-005,acopiador,si,,si
2026-07-03,ACO-006,acopiador,si,,si
2026-07-03,TRA-001,transportista,si,,si
2026-07-03,TRA-002,transportista,si,,si
2026-07-03,TRA-003,transportista,si,,si
2026-07-03,TRA-004,transportista,si,,si
2026-07-03,TRA-005,transportista,si,,si
2026-07-03,TRA-006,transportista,si,,si
2026-07-03,TRA-007,transportista,si,,si
2026-07-03,TRA-008,transportista,si,,si
2026-07-03,TRA-009,transportista,si,,si
2026-07-03,TRA-010,transportista,si,,si
2026-07-04,SUP-001,supervisor,si,,si
2026-07-04,SUP-002,supervisor,si,,si
2026-07-04,SUP-003,supervisor,si,,si
2026-07-04,SUP-004,supervisor,si,,si
2026-07-04,INS-001,inspector,si,,si
2026-07-04,INS-002,inspector,si,,si
2026-07-04,INS-003,inspector,si,,si
2026-07-04,INS-004,inspector,si,,si
2026-07-04,INS-005,inspector,si,,si
2026-07-04,INS-006,inspector,si,,si
2026-07-04,INS-007,inspector,si,,si
2026-07-04,INS-008,inspector,si,,si
2026-07-04,INS-009,inspector,si,,si
2026-07-04,INS-010,inspector,si,,si
2026-07-04,INS-011,inspector,si,,si
2026-07-04,INS-012,inspector,si,,si
2026-07-04,INS-013,inspector,si,,si
2026-07-04,INS-014,inspector,si,,si
2026-07-04,INS-015,inspector,si,,si
2026-07-04,INS-016,inspector,si,,si
2026-07-04,INS-018,inspector,si,,si
2026-07-04,INS-019,inspector,si,,si
2026-07-04,INS-020,inspector,si,,si
2026-07-04,INS-021,inspector,si,,si
2026-07-04,INS-022,inspector,si,,si
2026-07-04,INS-023,inspector,si,,si
2026-07-04,INS-025,inspector,si,,si
2026-07-04,INS-026,inspector,si,,si
2026-07-04,INS-027,inspector,si,,si
2026-07-04,INS-028,inspector,si,,si
2026-07-04,INS-029,inspector,si,,si
2026-07-04,INS-030,inspector,si,,si
2026-07-04,INS-031,inspector,si,,si
2026-07-04,INS-032,inspector,si,,si
2026-07-04,INS-033,inspector,si,,si
2026-07-04,INS-034,inspector,si,,si
2026-07-04,INS-035,inspector,si,,si
2026-07-04,INS-036,inspector,si,,si
2026-07-04,INS-037,inspector,si,,si
2026-07-04,INS-038,inspector,si,,si
2026-07-04,INS-039,inspector,si,,si
2026-07-04,INS-040,inspector,si,,si
2026-07-04,ACO-001,acopiador,si,,si
2026-07-04,ACO-002,acopiador,si,,si
2026-07-04,ACO-003,acopiador,si,,si
2026-07-04,ACO-004,acopiador,si,,si
2026-07-04,ACO-005,acopiador,si,,si
2026-07-04,ACO-006,acopiador,si,,si
2026-07-04,TRA-001,transportista,si,,si
2026-07-04,TRA-002,transportista,si,,si
2026-07-04,TRA-003,transportista,si,,si
2026-07-04,TRA-004,transportista,si,,si
2026-07-04,TRA-005,transportista,si,,si
2026-07-04,TRA-006,transportista,si,,si
2026-07-04,TRA-007,transportista,si,,si
2026-07-04,TRA-008,transportista,si,,si
2026-07-04,TRA-009,transportista,si,,si
2026-07-04,TRA-010,transportista,si,,si
2026-07-05,SUP-001,supervisor,no,Inasistencia injustificada,si
2026-07-05,SUP-002,supervisor,si,,si
2026-07-05,SUP-003,supervisor,si,,si
2026-07-05,SUP-004,supervisor,si,,si
2026-07-05,INS-001,inspector,si,,si
2026-07-05,INS-002,inspector,si,,si
2026-07-05,INS-003,inspector,no,Inasistencia injustificada,si
2026-07-05,INS-004,inspector,si,,si
2026-07-05,INS-005,inspector,si,,si
2026-07-05,INS-006,inspector,si,,no
2026-07-05,INS-007,inspector,si,,si
2026-07-05,INS-008,inspector,si,,no
2026-07-05,INS-009,inspector,si,,si
2026-07-05,INS-010,inspector,si,,si
2026-07-05,INS-011,inspector,si,,si
2026-07-05,INS-012,inspector,si,,si
2026-07-05,INS-013,inspector,si,,si
2026-07-05,INS-014,inspector,si,,si
2026-07-05,INS-015,inspector,si,,si
2026-07-05,INS-016,inspector,si,,si
2026-07-05,INS-018,inspector,si,,si
2026-07-05,INS-019,inspector,si,,si
2026-07-05,INS-020,inspector,no,Inasistencia injustificada,si
2026-07-05,INS-021,inspector,si,,si
2026-07-05,INS-022,inspector,si,,si
2026-07-05,INS-023,inspector,si,,si
2026-07-05,INS-025,inspector,si,,si
2026-07-05,INS-026,inspector,si,,si
2026-07-05,INS-027,inspector,no,Permiso personal,si
2026-07-05,INS-028,inspector,si,,si
2026-07-05,INS-029,inspector,si,,si
2026-07-05,INS-030,inspector,si,,si
2026-07-05,INS-031,inspector,si,,si
2026-07-05,INS-032,inspector,si,,si
2026-07-05,INS-033,inspector,si,,si
2026-07-05,INS-034,inspector,si,,si
2026-07-05,INS-035,inspector,si,,si
2026-07-05,INS-036,inspector,si,,si
2026-07-05,INS-037,inspector,si,,si
2026-07-05,INS-038,inspector,si,,si
2026-07-05,INS-039,inspector,si,,si
2026-07-05,INS-040,inspector,no,Permiso personal,si
2026-07-05,ACO-001,acopiador,si,,si
2026-07-05,ACO-002,acopiador,si,,no
2026-07-05,ACO-003,acopiador,si,,si
2026-07-05,ACO-004,acopiador,no,Inasistencia injustificada,si
2026-07-05,ACO-005,acopiador,si,,si
2026-07-05,ACO-006,acopiador,si,,si
2026-07-05,TRA-001,transportista,si,,si
2026-07-05,TRA-002,transportista,si,,si
2026-07-05,TRA-003,transportista,si,,si
2026-07-05,TRA-004,transportista,si,,si
2026-07-05,TRA-005,transportista,si,,si
2026-07-05,TRA-006,transportista,si,,si
2026-07-05,TRA-007,transportista,si,,si
2026-07-05,TRA-008,transportista,si,,si
2026-07-05,TRA-009,transportista,si,,si
2026-07-05,TRA-010,transportista,si,,si
2026-07-06,SUP-001,supervisor,si,,si
2026-07-06,SUP-002,supervisor,si,,si
2026-07-06,SUP-003,supervisor,si,,si
2026-07-06,SUP-004,supervisor,si,,si
2026-07-06,INS-001,inspector,si,,si
2026-07-06,INS-002,inspector,si,,si
2026-07-06,INS-003,inspector,no,Descanso médico,si
2026-07-06,INS-004,inspector,no,Inasistencia injustificada,si
2026-07-06,INS-005,inspector,si,,no
2026-07-06,INS-006,inspector,si,,si
2026-07-06,INS-007,inspector,si,,si
2026-07-06,INS-008,inspector,no,Permiso personal,si
2026-07-06,INS-009,inspector,si,,si
2026-07-06,INS-010,inspector,si,,si
2026-07-06,INS-011,inspector,si,,si
2026-07-06,INS-012,inspector,si,,si
2026-07-06,INS-013,inspector,si,,si
2026-07-06,INS-014,inspector,si,,si
2026-07-06,INS-015,inspector,si,,si
2026-07-06,INS-016,inspector,no,Permiso personal,si
2026-07-06,INS-018,inspector,si,,si
2026-07-06,INS-019,inspector,si,,si
2026-07-06,INS-020,inspector,si,,si
2026-07-06,INS-021,inspector,si,,si
2026-07-06,INS-022,inspector,si,,si
2026-07-06,INS-023,inspector,si,,no
2026-07-06,INS-025,inspector,si,,si
2026-07-06,INS-026,inspector,si,,si
2026-07-06,INS-027,inspector,si,,si
2026-07-06,INS-028,inspector,si,,si
2026-07-06,INS-029,inspector,si,,si
2026-07-06,INS-030,inspector,si,,si
2026-07-06,INS-031,inspector,si,,si
2026-07-06,INS-032,inspector,no,Permiso personal,si
2026-07-06,INS-033,inspector,si,,si
2026-07-06,INS-034,inspector,si,,si
2026-07-06,INS-035,inspector,si,,si
2026-07-06,INS-036,inspector,si,,no
2026-07-06,INS-037,inspector,si,,si
2026-07-06,INS-038,inspector,si,,si
2026-07-06,INS-039,inspector,si,,si
2026-07-06,INS-040,inspector,si,,si
2026-07-06,ACO-001,acopiador,si,,si
2026-07-06,ACO-002,acopiador,si,,si
2026-07-06,ACO-003,acopiador,si,,si
2026-07-06,ACO-004,acopiador,si,,si
2026-07-06,ACO-005,acopiador,si,,si
2026-07-06,ACO-006,acopiador,si,,si
2026-07-06,TRA-001,transportista,si,,si
2026-07-06,TRA-002,transportista,si,,si
2026-07-06,TRA-003,transportista,si,,si
2026-07-06,TRA-004,transportista,si,,si
2026-07-06,TRA-005,transportista,si,,si
2026-07-06,TRA-006,transportista,no,Descanso médico,si
2026-07-06,TRA-007,transportista,si,,si
2026-07-06,TRA-008,transportista,no,Permiso personal,si
2026-07-06,TRA-009,transportista,si,,si
2026-07-06,TRA-010,transportista,si,,si
2026-07-07,SUP-001,supervisor,si,,si
2026-07-07,SUP-002,supervisor,no,Descanso médico,si
2026-07-07,SUP-003,supervisor,si,,si
2026-07-07,SUP-004,supervisor,si,,si
2026-07-07,INS-001,inspector,si,,si
2026-07-07,INS-002,inspector,si,,no
2026-07-07,INS-003,inspector,si,,si
2026-07-07,INS-004,inspector,si,,si
2026-07-07,INS-005,inspector,si,,si
2026-07-07,INS-006,inspector,si,,si
2026-07-07,INS-007,inspector,si,,si
2026-07-07,INS-008,inspector,si,,si
2026-07-07,INS-009,inspector,si,,si
2026-07-07,INS-010,inspector,si,,si
2026-07-07,INS-011,inspector,si,,si
2026-07-07,INS-012,inspector,si,,si
2026-07-07,INS-013,inspector,si,,si
2026-07-07,INS-014,inspector,si,,si
2026-07-07,INS-015,inspector,si,,si
2026-07-07,INS-016,inspector,si,,si
2026-07-07,INS-018,inspector,si,,si
2026-07-07,INS-019,inspector,si,,si
2026-07-07,INS-020,inspector,si,,si
2026-07-07,INS-021,inspector,no,Inasistencia injustificada,si
2026-07-07,INS-022,inspector,si,,si
2026-07-07,INS-023,inspector,si,,si
2026-07-07,INS-025,inspector,si,,si
2026-07-07,INS-026,inspector,si,,si
2026-07-07,INS-027,inspector,si,,si
2026-07-07,INS-028,inspector,si,,si
2026-07-07,INS-029,inspector,si,,si
2026-07-07,INS-030,inspector,si,,si
2026-07-07,INS-031,inspector,si,,si
2026-07-07,INS-032,inspector,si,,si
2026-07-07,INS-033,inspector,si,,si
2026-07-07,INS-034,inspector,si,,si
2026-07-07,INS-035,inspector,si,,si
2026-07-07,INS-036,inspector,si,,si
2026-07-07,INS-037,inspector,no,Permiso personal,si
2026-07-07,INS-038,inspector,si,,si
2026-07-07,INS-039,inspector,si,,si
2026-07-07,INS-040,inspector,si,,si
2026-07-07,ACO-001,acopiador,si,,si
2026-07-07,ACO-002,acopiador,si,,si
2026-07-07,ACO-003,acopiador,si,,si
2026-07-07,ACO-004,acopiador,si,,si
2026-07-07,ACO-005,acopiador,si,,si
2026-07-07,ACO-006,acopiador,si,,si
2026-07-07,TRA-001,transportista,si,,si
2026-07-07,TRA-002,transportista,si,,si
2026-07-07,TRA-003,transportista,si,,si
2026-07-07,TRA-004,transportista,no,Permiso personal,si
2026-07-07,TRA-005,transportista,si,,si
2026-07-07,TRA-006,transportista,si,,si
2026-07-07,TRA-007,transportista,si,,si
2026-07-07,TRA-008,transportista,si,,si
2026-07-07,TRA-009,transportista,si,,si
2026-07-07,TRA-010,transportista,si,,si
2026-07-08,SUP-001,supervisor,no,Permiso personal,si
2026-07-08,SUP-002,supervisor,no,Descanso médico,si
2026-07-08,SUP-003,supervisor,si,,si
2026-07-08,SUP-004,supervisor,si,,si
2026-07-08,INS-001,inspector,si,,si
2026-07-08,INS-002,inspector,si,,si
2026-07-08,INS-003,inspector,no,Inasistencia injustificada,si
2026-07-08,INS-004,inspector,si,,no
2026-07-08,INS-005,inspector,si,,si
2026-07-08,INS-006,inspector,no,Inasistencia injustificada,si
2026-07-08,INS-007,inspector,si,,si
2026-07-08,INS-008,inspector,si,,si
2026-07-08,INS-009,inspector,si,,si
2026-07-08,INS-010,inspector,si,,si
2026-07-08,INS-011,inspector,si,,no
2026-07-08,INS-012,inspector,si,,si
2026-07-08,INS-013,inspector,si,,si
2026-07-08,INS-014,inspector,si,,si
2026-07-08,INS-015,inspector,si,,si
2026-07-08,INS-016,inspector,si,,si
2026-07-08,INS-018,inspector,si,,si
2026-07-08,INS-019,inspector,si,,si
2026-07-08,INS-020,inspector,si,,si
2026-07-08,INS-021,inspector,si,,si
2026-07-08,INS-022,inspector,si,,si
2026-07-08,INS-023,inspector,si,,si
2026-07-08,INS-025,inspector,no,Inasistencia injustificada,si
2026-07-08,INS-026,inspector,si,,si
2026-07-08,INS-027,inspector,si,,si
2026-07-08,INS-028,inspector,no,Inasistencia injustificada,si
2026-07-08,INS-029,inspector,no,Descanso médico,si
2026-07-08,INS-030,inspector,si,,si
2026-07-08,INS-031,inspector,si,,si
2026-07-08,INS-032,inspector,si,,si
2026-07-08,INS-033,inspector,si,,si
2026-07-08,INS-034,inspector,si,,si
2026-07-08,INS-035,inspector,si,,si
2026-07-08,INS-036,inspector,si,,no
2026-07-08,INS-037,inspector,si,,si
2026-07-08,INS-038,inspector,si,,si
2026-07-08,INS-039,inspector,si,,si
2026-07-08,INS-040,inspector,si,,si
2026-07-08,ACO-001,acopiador,si,,si
2026-07-08,ACO-002,acopiador,no,Inasistencia injustificada,si
2026-07-08,ACO-003,acopiador,si,,si
2026-07-08,ACO-004,acopiador,si,,si
2026-07-08,ACO-005,acopiador,si,,si
2026-07-08,ACO-006,acopiador,si,,no
2026-07-08,TRA-001,transportista,si,,si
2026-07-08,TRA-002,transportista,si,,si
2026-07-08,TRA-003,transportista,si,,si
2026-07-08,TRA-004,transportista,si,,si
2026-07-08,TRA-005,transportista,si,,si
2026-07-08,TRA-006,transportista,si,,si
2026-07-08,TRA-007,transportista,si,,si
2026-07-08,TRA-008,transportista,si,,si
2026-07-08,TRA-009,transportista,si,,si
2026-07-08,TRA-010,transportista,si,,si
2026-07-09,SUP-001,supervisor,si,,si
2026-07-09,SUP-002,supervisor,si,,si
2026-07-09,SUP-003,supervisor,si,,no
2026-07-09,SUP-004,supervisor,si,,si
2026-07-09,INS-001,inspector,no,Permiso personal,si
2026-07-09,INS-002,inspector,si,,si
2026-07-09,INS-003,inspector,si,,si
2026-07-09,INS-004,inspector,si,,si
2026-07-09,INS-005,inspector,si,,si
2026-07-09,INS-006,inspector,si,,si
2026-07-09,INS-007,inspector,si,,si
2026-07-09,INS-008,inspector,no,Permiso personal,si
2026-07-09,INS-009,inspector,si,,si
2026-07-09,INS-010,inspector,si,,si
2026-07-09,INS-011,inspector,si,,si
2026-07-09,INS-012,inspector,no,Inasistencia injustificada,si
2026-07-09,INS-013,inspector,si,,si
2026-07-09,INS-014,inspector,si,,si
2026-07-09,INS-015,inspector,no,Permiso personal,si
2026-07-09,INS-016,inspector,no,Descanso médico,si
2026-07-09,INS-018,inspector,si,,si
2026-07-09,INS-019,inspector,si,,si
2026-07-09,INS-020,inspector,si,,si
2026-07-09,INS-021,inspector,si,,si
2026-07-09,INS-022,inspector,si,,si
2026-07-09,INS-023,inspector,si,,si
2026-07-09,INS-025,inspector,si,,si
2026-07-09,INS-026,inspector,si,,si
2026-07-09,INS-027,inspector,si,,si
2026-07-09,INS-028,inspector,si,,si
2026-07-09,INS-029,inspector,si,,si
2026-07-09,INS-030,inspector,si,,si
2026-07-09,INS-031,inspector,si,,si
2026-07-09,INS-032,inspector,si,,si
2026-07-09,INS-033,inspector,si,,si
2026-07-09,INS-034,inspector,si,,no
2026-07-09,INS-035,inspector,si,,si
2026-07-09,INS-036,inspector,si,,si
2026-07-09,INS-037,inspector,si,,si
2026-07-09,INS-038,inspector,si,,si
2026-07-09,INS-039,inspector,si,,si
2026-07-09,INS-040,inspector,si,,si
2026-07-09,ACO-001,acopiador,si,,no
2026-07-09,ACO-002,acopiador,si,,si
2026-07-09,ACO-003,acopiador,no,Permiso personal,si
2026-07-09,ACO-004,acopiador,si,,si
2026-07-09,ACO-005,acopiador,si,,si
2026-07-09,ACO-006,acopiador,no,Permiso personal,si
2026-07-09,TRA-001,transportista,si,,si
2026-07-09,TRA-002,transportista,si,,si
2026-07-09,TRA-003,transportista,si,,si
2026-07-09,TRA-004,transportista,si,,si
2026-07-09,TRA-005,transportista,si,,si
2026-07-09,TRA-006,transportista,si,,si
2026-07-09,TRA-007,transportista,si,,si
2026-07-09,TRA-008,transportista,si,,si
2026-07-09,TRA-009,transportista,si,,si
2026-07-09,TRA-010,transportista,si,,si
2026-07-10,SUP-001,supervisor,si,,si
2026-07-10,SUP-002,supervisor,si,,si
2026-07-10,SUP-003,supervisor,no,Permiso personal,si
2026-07-10,SUP-004,supervisor,si,,si
2026-07-10,INS-001,inspector,si,,si
2026-07-10,INS-002,inspector,si,,no
2026-07-10,INS-003,inspector,si,,si
2026-07-10,INS-004,inspector,si,,si
2026-07-10,INS-005,inspector,si,,si
2026-07-10,INS-006,inspector,si,,si
2026-07-10,INS-007,inspector,si,,si
2026-07-10,INS-008,inspector,si,,si
2026-07-10,INS-009,inspector,si,,si
2026-07-10,INS-010,inspector,si,,si
2026-07-10,INS-011,inspector,si,,si
2026-07-10,INS-012,inspector,si,,si
2026-07-10,INS-013,inspector,si,,si
2026-07-10,INS-014,inspector,si,,si
2026-07-10,INS-015,inspector,si,,si
2026-07-10,INS-016,inspector,si,,si
2026-07-10,INS-018,inspector,si,,si
2026-07-10,INS-019,inspector,si,,si
2026-07-10,INS-020,inspector,si,,si
2026-07-10,INS-021,inspector,si,,si
2026-07-10,INS-022,inspector,si,,si
2026-07-10,INS-023,inspector,si,,si
2026-07-10,INS-025,inspector,si,,si
2026-07-10,INS-026,inspector,si,,si
2026-07-10,INS-027,inspector,si,,si
2026-07-10,INS-028,inspector,si,,si
2026-07-10,INS-029,inspector,si,,si
2026-07-10,INS-030,inspector,si,,si
2026-07-10,INS-031,inspector,si,,si
2026-07-10,INS-032,inspector,si,,si
2026-07-10,INS-033,inspector,si,,si
2026-07-10,INS-034,inspector,si,,si
2026-07-10,INS-035,inspector,si,,si
2026-07-10,INS-036,inspector,si,,no
2026-07-10,INS-037,inspector,no,Descanso médico,si
2026-07-10,INS-038,inspector,no,Permiso personal,si
2026-07-10,INS-039,inspector,si,,si
2026-07-10,INS-040,inspector,si,,si
2026-07-10,ACO-001,acopiador,no,Inasistencia injustificada,si
2026-07-10,ACO-002,acopiador,no,Permiso personal,si
2026-07-10,ACO-003,acopiador,no,Permiso personal,si
2026-07-10,ACO-004,acopiador,si,,si
2026-07-10,ACO-005,acopiador,si,,si
2026-07-10,ACO-006,acopiador,no,Inasistencia injustificada,si
2026-07-10,TRA-001,transportista,si,,si
2026-07-10,TRA-002,transportista,si,,no
2026-07-10,TRA-003,transportista,si,,si
2026-07-10,TRA-004,transportista,no,Descanso médico,si
2026-07-10,TRA-005,transportista,si,,no
2026-07-10,TRA-006,transportista,si,,si
2026-07-10,TRA-007,transportista,si,,si
2026-07-10,TRA-008,transportista,si,,si
2026-07-10,TRA-009,transportista,si,,si
2026-07-10,TRA-010,transportista,si,,si
2026-07-11,SUP-001,supervisor,si,,si
2026-07-11,SUP-002,supervisor,si,,si
2026-07-11,SUP-003,supervisor,si,,si
2026-07-11,SUP-004,supervisor,si,,si
2026-07-11,INS-001,inspector,si,,si
2026-07-11,INS-002,inspector,si,,si
2026-07-11,INS-003,inspector,si,,si
2026-07-11,INS-004,inspector,si,,si
2026-07-11,INS-005,inspector,si,,si
2026-07-11,INS-006,inspector,no,Descanso médico,si
2026-07-11,INS-007,inspector,si,,si
2026-07-11,INS-008,inspector,si,,si
2026-07-11,INS-009,inspector,si,,si
2026-07-11,INS-010,inspector,si,,si
2026-07-11,INS-011,inspector,si,,si
2026-07-11,INS-012,inspector,si,,si
2026-07-11,INS-013,inspector,no,Inasistencia injustificada,si
2026-07-11,INS-014,inspector,si,,si
2026-07-11,INS-015,inspector,si,,si
2026-07-11,INS-016,inspector,no,Inasistencia injustificada,si
2026-07-11,INS-018,inspector,si,,si
2026-07-11,INS-019,inspector,si,,si
2026-07-11,INS-020,inspector,si,,si
2026-07-11,INS-021,inspector,si,,si
2026-07-11,INS-022,inspector,si,,si
2026-07-11,INS-023,inspector,si,,si
2026-07-11,INS-025,inspector,si,,si
2026-07-11,INS-026,inspector,no,Inasistencia injustificada,si
2026-07-11,INS-027,inspector,si,,si
2026-07-11,INS-028,inspector,si,,si
2026-07-11,INS-029,inspector,si,,si
2026-07-11,INS-030,inspector,si,,si
2026-07-11,INS-031,inspector,si,,si
2026-07-11,INS-032,inspector,si,,si
2026-07-11,INS-033,inspector,si,,si
2026-07-11,INS-034,inspector,si,,si
2026-07-11,INS-035,inspector,si,,si
2026-07-11,INS-036,inspector,si,,si
2026-07-11,INS-037,inspector,si,,si
2026-07-11,INS-038,inspector,si,,si
2026-07-11,INS-039,inspector,si,,si
2026-07-11,INS-040,inspector,si,,si
2026-07-11,ACO-001,acopiador,si,,si
2026-07-11,ACO-002,acopiador,si,,si
2026-07-11,ACO-003,acopiador,si,,si
2026-07-11,ACO-004,acopiador,si,,si
2026-07-11,ACO-005,acopiador,si,,si
2026-07-11,ACO-006,acopiador,si,,si
2026-07-11,TRA-001,transportista,si,,si
2026-07-11,TRA-002,transportista,si,,si
2026-07-11,TRA-003,transportista,si,,si
2026-07-11,TRA-004,transportista,si,,si
2026-07-11,TRA-005,transportista,si,,si
2026-07-11,TRA-006,transportista,si,,si
2026-07-11,TRA-007,transportista,si,,si
2026-07-11,TRA-008,transportista,si,,si
2026-07-11,TRA-009,transportista,si,,si
2026-07-11,TRA-010,transportista,si,,si
2026-07-12,SUP-001,supervisor,si,,si
2026-07-12,SUP-002,supervisor,si,,si
2026-07-12,SUP-003,supervisor,si,,si
2026-07-12,SUP-004,supervisor,si,,si
2026-07-12,INS-001,inspector,si,,si
2026-07-12,INS-002,inspector,si,,si
2026-07-12,INS-003,inspector,no,Descanso médico,si
2026-07-12,INS-004,inspector,si,,si
2026-07-12,INS-005,inspector,si,,si
2026-07-12,INS-006,inspector,si,,si
2026-07-12,INS-007,inspector,si,,si
2026-07-12,INS-008,inspector,si,,si
2026-07-12,INS-009,inspector,si,,si
2026-07-12,INS-010,inspector,si,,si
2026-07-12,INS-011,inspector,no,Permiso personal,si
2026-07-12,INS-012,inspector,si,,si
2026-07-12,INS-013,inspector,si,,si
2026-07-12,INS-014,inspector,si,,si
2026-07-12,INS-015,inspector,si,,si
2026-07-12,INS-016,inspector,si,,si
2026-07-12,INS-018,inspector,si,,si
2026-07-12,INS-019,inspector,si,,si
2026-07-12,INS-020,inspector,si,,si
2026-07-12,INS-021,inspector,si,,si
2026-07-12,INS-022,inspector,si,,si
2026-07-12,INS-023,inspector,si,,no
2026-07-12,INS-025,inspector,si,,si
2026-07-12,INS-026,inspector,si,,si
2026-07-12,INS-027,inspector,si,,si
2026-07-12,INS-028,inspector,no,Inasistencia injustificada,si
2026-07-12,INS-029,inspector,si,,si
2026-07-12,INS-030,inspector,si,,si
2026-07-12,INS-031,inspector,si,,si
2026-07-12,INS-032,inspector,si,,si
2026-07-12,INS-033,inspector,si,,si
2026-07-12,INS-034,inspector,si,,si
2026-07-12,INS-035,inspector,si,,si
2026-07-12,INS-036,inspector,si,,si
2026-07-12,INS-037,inspector,si,,si
2026-07-12,INS-038,inspector,si,,si
2026-07-12,INS-039,inspector,si,,si
2026-07-12,INS-040,inspector,si,,si
2026-07-12,ACO-001,acopiador,si,,si
2026-07-12,ACO-002,acopiador,si,,no
2026-07-12,ACO-003,acopiador,si,,si
2026-07-12,ACO-004,acopiador,si,,si
2026-07-12,ACO-005,acopiador,si,,si
2026-07-12,ACO-006,acopiador,si,,si
2026-07-12,TRA-001,transportista,si,,si
2026-07-12,TRA-002,transportista,si,,si
2026-07-12,TRA-003,transportista,si,,no
2026-07-12,TRA-004,transportista,si,,si
2026-07-12,TRA-005,transportista,no,Descanso médico,si
2026-07-12,TRA-006,transportista,si,,si
2026-07-12,TRA-007,transportista,si,,si
2026-07-12,TRA-008,transportista,si,,si
2026-07-12,TRA-009,transportista,no,Permiso personal,si
2026-07-12,TRA-010,transportista,si,,si
2026-07-13,SUP-001,supervisor,no,Permiso personal,si
2026-07-13,SUP-002,supervisor,si,,si
2026-07-13,SUP-003,supervisor,si,,si
2026-07-13,SUP-004,supervisor,si,,si
2026-07-13,INS-001,inspector,si,,si
2026-07-13,INS-002,inspector,si,,si
2026-07-13,INS-003,inspector,si,,si
2026-07-13,INS-004,inspector,si,,si
2026-07-13,INS-005,inspector,si,,si
2026-07-13,INS-006,inspector,si,,si
2026-07-13,INS-007,inspector,si,,si
2026-07-13,INS-008,inspector,si,,si
2026-07-13,INS-009,inspector,si,,si
2026-07-13,INS-010,inspector,si,,si
2026-07-13,INS-011,inspector,si,,si
2026-07-13,INS-012,inspector,si,,si
2026-07-13,INS-013,inspector,si,,si
2026-07-13,INS-014,inspector,si,,si
2026-07-13,INS-015,inspector,si,,si
2026-07-13,INS-016,inspector,no,Descanso médico,si
2026-07-13,INS-018,inspector,si,,si
2026-07-13,INS-019,inspector,si,,si
2026-07-13,INS-020,inspector,si,,si
2026-07-13,INS-021,inspector,si,,si
2026-07-13,INS-022,inspector,si,,si
2026-07-13,INS-023,inspector,si,,si
2026-07-13,INS-025,inspector,si,,si
2026-07-13,INS-026,inspector,si,,si
2026-07-13,INS-027,inspector,si,,si
2026-07-13,INS-028,inspector,no,Permiso personal,si
2026-07-13,INS-029,inspector,si,,si
2026-07-13,INS-030,inspector,si,,si
2026-07-13,INS-031,inspector,si,,si
2026-07-13,INS-032,inspector,si,,si
2026-07-13,INS-033,inspector,si,,si
2026-07-13,INS-034,inspector,si,,si
2026-07-13,INS-035,inspector,si,,si
2026-07-13,INS-036,inspector,si,,si
2026-07-13,INS-037,inspector,si,,no
2026-07-13,INS-038,inspector,si,,si
2026-07-13,INS-039,inspector,si,,si
2026-07-13,INS-040,inspector,si,,si
2026-07-13,ACO-001,acopiador,si,,no
2026-07-13,ACO-002,acopiador,si,,si
2026-07-13,ACO-003,acopiador,si,,si
2026-07-13,ACO-004,acopiador,no,Descanso médico,si
2026-07-13,ACO-005,acopiador,si,,si
2026-07-13,ACO-006,acopiador,si,,si
2026-07-13,TRA-001,transportista,si,,si
2026-07-13,TRA-002,transportista,si,,si
2026-07-13,TRA-003,transportista,si,,si
2026-07-13,TRA-004,transportista,si,,si
2026-07-13,TRA-005,transportista,si,,no
2026-07-13,TRA-006,transportista,si,,si
2026-07-13,TRA-007,transportista,si,,si
2026-07-13,TRA-008,transportista,si,,si
2026-07-13,TRA-009,transportista,si,,si
2026-07-13,TRA-010,transportista,si,,si
2026-07-14,SUP-001,supervisor,si,,si
2026-07-14,SUP-002,supervisor,si,,si
2026-07-14,SUP-003,supervisor,si,,si
2026-07-14,SUP-004,supervisor,si,,no
2026-07-14,INS-001,inspector,si,,si
2026-07-14,INS-002,inspector,si,,no
2026-07-14,INS-003,inspector,si,,si
2026-07-14,INS-004,inspector,si,,si
2026-07-14,INS-005,inspector,si,,si
2026-07-14,INS-006,inspector,si,,si
2026-07-14,INS-007,inspector,si,,si
2026-07-14,INS-008,inspector,si,,si
2026-07-14,INS-009,inspector,si,,si
2026-07-14,INS-010,inspector,si,,si
2026-07-14,INS-011,inspector,no,Descanso médico,si
2026-07-14,INS-012,inspector,si,,si
2026-07-14,INS-013,inspector,si,,si
2026-07-14,INS-014,inspector,si,,si
2026-07-14,INS-015,inspector,si,,si
2026-07-14,INS-016,inspector,si,,si
2026-07-14,INS-018,inspector,si,,si
2026-07-14,INS-019,inspector,si,,si
2026-07-14,INS-020,inspector,si,,si
2026-07-14,INS-021,inspector,si,,si
2026-07-14,INS-022,inspector,si,,si
2026-07-14,INS-023,inspector,si,,si
2026-07-14,INS-025,inspector,si,,si
2026-07-14,INS-026,inspector,si,,si
2026-07-14,INS-027,inspector,si,,si
2026-07-14,INS-028,inspector,si,,si
2026-07-14,INS-029,inspector,si,,si
2026-07-14,INS-030,inspector,si,,si
2026-07-14,INS-031,inspector,si,,si
2026-07-14,INS-032,inspector,si,,si
2026-07-14,INS-033,inspector,si,,si
2026-07-14,INS-034,inspector,si,,si
2026-07-14,INS-035,inspector,si,,si
2026-07-14,INS-036,inspector,si,,si
2026-07-14,INS-037,inspector,no,Permiso personal,si
2026-07-14,INS-038,inspector,si,,si
2026-07-14,INS-039,inspector,si,,si
2026-07-14,INS-040,inspector,si,,si
2026-07-14,ACO-001,acopiador,si,,si
2026-07-14,ACO-002,acopiador,si,,si
2026-07-14,ACO-003,acopiador,si,,si
2026-07-14,ACO-004,acopiador,si,,si
2026-07-14,ACO-005,acopiador,si,,si
2026-07-14,ACO-006,acopiador,si,,si
2026-07-14,TRA-001,transportista,si,,si
2026-07-14,TRA-002,transportista,si,,si
2026-07-14,TRA-003,transportista,si,,si
2026-07-14,TRA-004,transportista,no,Inasistencia injustificada,si
2026-07-14,TRA-005,transportista,si,,si
2026-07-14,TRA-006,transportista,si,,si
2026-07-14,TRA-007,transportista,si,,si
2026-07-14,TRA-008,transportista,no,Permiso personal,si
2026-07-14,TRA-009,transportista,si,,si
2026-07-14,TRA-010,transportista,no,Inasistencia injustificada,si
2026-07-15,SUP-001,supervisor,si,,si
2026-07-15,SUP-002,supervisor,si,,si
2026-07-15,SUP-003,supervisor,si,,si
2026-07-15,SUP-004,supervisor,si,,si
2026-07-15,INS-001,inspector,si,,si
2026-07-15,INS-002,inspector,si,,si
2026-07-15,INS-003,inspector,si,,si
2026-07-15,INS-004,inspector,si,,si
2026-07-15,INS-005,inspector,si,,si
2026-07-15,INS-006,inspector,si,,si
2026-07-15,INS-007,inspector,no,Inasistencia injustificada,si
2026-07-15,INS-008,inspector,si,,si
2026-07-15,INS-009,inspector,si,,si
2026-07-15,INS-010,inspector,no,Descanso médico,si
2026-07-15,INS-011,inspector,si,,si
2026-07-15,INS-012,inspector,si,,si
2026-07-15,INS-013,inspector,si,,si
2026-07-15,INS-014,inspector,si,,si
2026-07-15,INS-015,inspector,si,,si
2026-07-15,INS-016,inspector,si,,si
2026-07-15,INS-018,inspector,si,,si
2026-07-15,INS-019,inspector,si,,si
2026-07-15,INS-020,inspector,si,,si
2026-07-15,INS-021,inspector,si,,si
2026-07-15,INS-022,inspector,si,,si
2026-07-15,INS-023,inspector,si,,si
2026-07-15,INS-025,inspector,si,,no
2026-07-15,INS-026,inspector,si,,si
2026-07-15,INS-027,inspector,no,Inasistencia injustificada,si
2026-07-15,INS-028,inspector,no,Inasistencia injustificada,si
2026-07-15,INS-029,inspector,si,,si
2026-07-15,INS-030,inspector,si,,si
2026-07-15,INS-031,inspector,si,,si
2026-07-15,INS-032,inspector,si,,si
2026-07-15,INS-033,inspector,si,,si
2026-07-15,INS-034,inspector,si,,si
2026-07-15,INS-035,inspector,si,,si
2026-07-15,INS-036,inspector,si,,si
2026-07-15,INS-037,inspector,si,,si
2026-07-15,INS-038,inspector,si,,si
2026-07-15,INS-039,inspector,si,,si
2026-07-15,INS-040,inspector,si,,si
2026-07-15,ACO-001,acopiador,si,,si
2026-07-15,ACO-002,acopiador,si,,si
2026-07-15,ACO-003,acopiador,si,,si
2026-07-15,ACO-004,acopiador,si,,no
2026-07-15,ACO-005,acopiador,si,,si
2026-07-15,ACO-006,acopiador,si,,si
2026-07-15,TRA-001,transportista,si,,no
2026-07-15,TRA-002,transportista,si,,si
2026-07-15,TRA-003,transportista,si,,si
2026-07-15,TRA-004,transportista,si,,si
2026-07-15,TRA-005,transportista,si,,si
2026-07-15,TRA-006,transportista,si,,si
2026-07-15,TRA-007,transportista,si,,si
2026-07-15,TRA-008,transportista,si,,si
2026-07-15,TRA-009,transportista,si,,si
2026-07-15,TRA-010,transportista,si,,no
2026-07-16,SUP-001,supervisor,si,,no
2026-07-16,SUP-002,supervisor,si,,si
2026-07-16,SUP-003,supervisor,si,,si
2026-07-16,SUP-004,supervisor,si,,si
2026-07-16,INS-001,inspector,si,,si
2026-07-16,INS-002,inspector,si,,si
2026-07-16,INS-003,inspector,si,,si
2026-07-16,INS-004,inspector,si,,si
2026-07-16,INS-005,inspector,si,,si
2026-07-16,INS-006,inspector,si,,si
2026-07-16,INS-007,inspector,si,,si
2026-07-16,INS-008,inspector,si,,si
2026-07-16,INS-009,inspector,si,,si
2026-07-16,INS-010,inspector,si,,si
2026-07-16,INS-011,inspector,si,,si
2026-07-16,INS-012,inspector,si,,si
2026-07-16,INS-013,inspector,si,,si
2026-07-16,INS-014,inspector,si,,si
2026-07-16,INS-015,inspector,si,,si
2026-07-16,INS-016,inspector,si,,si
2026-07-16,INS-018,inspector,si,,si
2026-07-16,INS-019,inspector,si,,si
2026-07-16,INS-020,inspector,si,,si
2026-07-16,INS-021,inspector,si,,si
2026-07-16,INS-022,inspector,si,,si
2026-07-16,INS-023,inspector,si,,si
2026-07-16,INS-025,inspector,si,,si
2026-07-16,INS-026,inspector,si,,si
2026-07-16,INS-027,inspector,si,,si
2026-07-16,INS-028,inspector,si,,si
2026-07-16,INS-029,inspector,si,,si
2026-07-16,INS-030,inspector,si,,si
2026-07-16,INS-031,inspector,si,,si
2026-07-16,INS-032,inspector,si,,si
2026-07-16,INS-033,inspector,si,,si
2026-07-16,INS-034,inspector,si,,si
2026-07-16,INS-035,inspector,si,,si
2026-07-16,INS-036,inspector,si,,si
2026-07-16,INS-037,inspector,si,,si
2026-07-16,INS-038,inspector,si,,si
2026-07-16,INS-039,inspector,si,,si
2026-07-16,INS-040,inspector,si,,si
2026-07-16,ACO-001,acopiador,si,,si
2026-07-16,ACO-002,acopiador,si,,si
2026-07-16,ACO-003,acopiador,si,,si
2026-07-16,ACO-004,acopiador,si,,no
2026-07-16,ACO-005,acopiador,si,,si
2026-07-16,ACO-006,acopiador,si,,si
2026-07-16,TRA-001,transportista,si,,si
2026-07-16,TRA-002,transportista,si,,si
2026-07-16,TRA-003,transportista,si,,si
2026-07-16,TRA-004,transportista,si,,si
2026-07-16,TRA-005,transportista,si,,si
2026-07-16,TRA-006,transportista,si,,si
2026-07-16,TRA-007,transportista,si,,si
2026-07-16,TRA-008,transportista,no,Descanso médico,si
2026-07-16,TRA-009,transportista,si,,si
2026-07-16,TRA-010,transportista,si,,si
